{"Age": 0.37380707, "GenHlth": 0.3427956, "BMI": 0.328002, "HighChol": 0.2627319, "PhysHlth": 0.23526978, "DiffWalk": 0.18062855, "HighBP": 0.16448782, "Income": 0.14907275, "MentHlth": 0.13909191, "CholCheck": 0.13666181, "HvyAlcoholConsump": 0.1356641, "NoDocbcCost": 0.105418086, "Veggies": 0.095263265, "Sex": 0.083210975, "HeartDiseaseorAttack": 0.07399184, "Education": 0.06958967, "Smoker": 0.031177804, "Stroke": 0.029909143, "PhysActivity": 0.025464699, "AnyHealthcare": 0.023033315, "Fruits": 0.01995267}